Quote,Author
"Either you run the day, or the day runs you.",Jim Rohn
"Anything that won’t sell, I don’t want to invent. Its sale is proof of utility, and utility is success.",Thomas Edison
You miss 100% of the shots you don't take.,Wayne Gretzky
Success is not the key to happiness. Happiness is the key to success.,Albert Schweitzer
Don't be afraid to give up the good to go for the great.,John D. Rockefeller
Opportunities don't happen. You create them.,Chris Grosser
The only limit to our realization of tomorrow is our doubts of today.,Franklin D. Roosevelt
Success is walking from failure to failure with no loss of enthusiasm.,Winston Churchill
"If you really look closely, most overnight successes took a long time.",Steve Jobs
The road to success and the road to failure are almost exactly the same.,Colin R. Davis
"Either you run the day, or the day runs you.",Jim Rohn
"Anything that won’t sell, I don’t want to invent. Its sale is proof of utility, and utility is success.",Thomas Edison
You miss 100% of the shots you don't take.,Wayne Gretzky
Success is not the key to happiness. Happiness is the key to success.,Albert Schweitzer
Don't be afraid to give up the good to go for the great.,John D. Rockefeller
Opportunities don't happen. You create them.,Chris Grosser
The only limit to our realization of tomorrow is our doubts of today.,Franklin D. Roosevelt
Success is walking from failure to failure with no loss of enthusiasm.,Winston Churchill
"If you really look closely, most overnight successes took a long time.",Steve Jobs
The road to success and the road to failure are almost exactly the same.,Colin R. Davis
"Either you run the day, or the day runs you.",Jim Rohn
"Anything that won’t sell, I don’t want to invent. Its sale is proof of utility, and utility is success.",Thomas Edison
You miss 100% of the shots you don't take.,Wayne Gretzky
Success is not the key to happiness. Happiness is the key to success.,Albert Schweitzer
Don't be afraid to give up the good to go for the great.,John D. Rockefeller
Opportunities don't happen. You create them.,Chris Grosser
The only limit to our realization of tomorrow is our doubts of today.,Franklin D. Roosevelt
Success is walking from failure to failure with no loss of enthusiasm.,Winston Churchill
"If you really look closely, most overnight successes took a long time.",Steve Jobs
The road to success and the road to failure are almost exactly the same.,Colin R. Davis
"Either you run the day, or the day runs you.",Jim Rohn
"Anything that won’t sell, I don’t want to invent. Its sale is proof of utility, and utility is success.",Thomas Edison
You miss 100% of the shots you don't take.,Wayne Gretzky
Success is not the key to happiness. Happiness is the key to success.,Albert Schweitzer
Don't be afraid to give up the good to go for the great.,John D. Rockefeller
Opportunities don't happen. You create them.,Chris Grosser
The only limit to our realization of tomorrow is our doubts of today.,Franklin D. Roosevelt
Success is walking from failure to failure with no loss of enthusiasm.,Winston Churchill
"If you really look closely, most overnight successes took a long time.",Steve Jobs
The road to success and the road to failure are almost exactly the same.,Colin R. Davis
"Either you run the day, or the day runs you.",Jim Rohn
"Anything that won’t sell, I don’t want to invent. Its sale is proof of utility, and utility is success.",Thomas Edison
You miss 100% of the shots you don't take.,Wayne Gretzky
Success is not the key to happiness. Happiness is the key to success.,Albert Schweitzer
Don't be afraid to give up the good to go for the great.,John D. Rockefeller
Opportunities don't happen. You create them.,Chris Grosser
The only limit to our realization of tomorrow is our doubts of today.,Franklin D. Roosevelt
Success is walking from failure to failure with no loss of enthusiasm.,Winston Churchill
"If you really look closely, most overnight successes took a long time.",Steve Jobs
The road to success and the road to failure are almost exactly the same.,Colin R. Davis
"Either you run the day, or the day runs you.",Jim Rohn
"Anything that won’t sell, I don’t want to invent. Its sale is proof of utility, and utility is success.",Thomas Edison
You miss 100% of the shots you don't take.,Wayne Gretzky
Success is not the key to happiness. Happiness is the key to success.,Albert Schweitzer
Don't be afraid to give up the good to go for the great.,John D. Rockefeller
Opportunities don't happen. You create them.,Chris Grosser
The only limit to our realization of tomorrow is our doubts of today.,Franklin D. Roosevelt
Success is walking from failure to failure with no loss of enthusiasm.,Winston Churchill
"If you really look closely, most overnight successes took a long time.",Steve Jobs
The road to success and the road to failure are almost exactly the same.,Colin R. Davis
"Either you run the day, or the day runs you.",Jim Rohn
"Anything that won’t sell, I don’t want to invent. Its sale is proof of utility, and utility is success.",Thomas Edison
You miss 100% of the shots you don't take.,Wayne Gretzky
Success is not the key to happiness. Happiness is the key to success.,Albert Schweitzer
Don't be afraid to give up the good to go for the great.,John D. Rockefeller
Opportunities don't happen. You create them.,Chris Grosser
The only limit to our realization of tomorrow is our doubts of today.,Franklin D. Roosevelt
Success is walking from failure to failure with no loss of enthusiasm.,Winston Churchill
"If you really look closely, most overnight successes took a long time.",Steve Jobs
The road to success and the road to failure are almost exactly the same.,Colin R. Davis
"Either you run the day, or the day runs you.",Jim Rohn
"Anything that won’t sell, I don’t want to invent. Its sale is proof of utility, and utility is success.",Thomas Edison
You miss 100% of the shots you don't take.,Wayne Gretzky
Success is not the key to happiness. Happiness is the key to success.,Albert Schweitzer
Don't be afraid to give up the good to go for the great.,John D. Rockefeller
Opportunities don't happen. You create them.,Chris Grosser
The only limit to our realization of tomorrow is our doubts of today.,Franklin D. Roosevelt
Success is walking from failure to failure with no loss of enthusiasm.,Winston Churchill
"If you really look closely, most overnight successes took a long time.",Steve Jobs
The road to success and the road to failure are almost exactly the same.,Colin R. Davis
"Either you run the day, or the day runs you.",Jim Rohn
"Anything that won’t sell, I don’t want to invent. Its sale is proof of utility, and utility is success.",Thomas Edison
You miss 100% of the shots you don't take.,Wayne Gretzky
Success is not the key to happiness. Happiness is the key to success.,Albert Schweitzer
Don't be afraid to give up the good to go for the great.,John D. Rockefeller
Opportunities don't happen. You create them.,Chris Grosser
The only limit to our realization of tomorrow is our doubts of today.,Franklin D. Roosevelt
Success is walking from failure to failure with no loss of enthusiasm.,Winston Churchill
"If you really look closely, most overnight successes took a long time.",Steve Jobs
The road to success and the road to failure are almost exactly the same.,Colin R. Davis
"Either you run the day, or the day runs you.",Jim Rohn
"Anything that won’t sell, I don’t want to invent. Its sale is proof of utility, and utility is success.",Thomas Edison
You miss 100% of the shots you don't take.,Wayne Gretzky
Success is not the key to happiness. Happiness is the key to success.,Albert Schweitzer
Don't be afraid to give up the good to go for the great.,John D. Rockefeller
Opportunities don't happen. You create them.,Chris Grosser
The only limit to our realization of tomorrow is our doubts of today.,Franklin D. Roosevelt
Success is walking from failure to failure with no loss of enthusiasm.,Winston Churchill
"If you really look closely, most overnight successes took a long time.",Steve Jobs
The road to success and the road to failure are almost exactly the same.,Colin R. Davis
"Either you run the day, or the day runs you.",Jim Rohn
"Anything that won’t sell, I don’t want to invent. Its sale is proof of utility, and utility is success.",Thomas Edison
You miss 100% of the shots you don't take.,Wayne Gretzky
Success is not the key to happiness. Happiness is the key to success.,Albert Schweitzer
Don't be afraid to give up the good to go for the great.,John D. Rockefeller
Opportunities don't happen. You create them.,Chris Grosser
The only limit to our realization of tomorrow is our doubts of today.,Franklin D. Roosevelt
Success is walking from failure to failure with no loss of enthusiasm.,Winston Churchill
"If you really look closely, most overnight successes took a long time.",Steve Jobs
The road to success and the road to failure are almost exactly the same.,Colin R. Davis
"Either you run the day, or the day runs you.",Jim Rohn
"Anything that won’t sell, I don’t want to invent. Its sale is proof of utility, and utility is success.",Thomas Edison
You miss 100% of the shots you don't take.,Wayne Gretzky
Success is not the key to happiness. Happiness is the key to success.,Albert Schweitzer
Don't be afraid to give up the good to go for the great.,John D. Rockefeller
Opportunities don't happen. You create them.,Chris Grosser
The only limit to our realization of tomorrow is our doubts of today.,Franklin D. Roosevelt
Success is walking from failure to failure with no loss of enthusiasm.,Winston Churchill
"If you really look closely, most overnight successes took a long time.",Steve Jobs
The road to success and the road to failure are almost exactly the same.,Colin R. Davis
"Either you run the day, or the day runs you.",Jim Rohn
"Anything that won’t sell, I don’t want to invent. Its sale is proof of utility, and utility is success.",Thomas Edison
You miss 100% of the shots you don't take.,Wayne Gretzky
Success is not the key to happiness. Happiness is the key to success.,Albert Schweitzer
Don't be afraid to give up the good to go for the great.,John D. Rockefeller
Opportunities don't happen. You create them.,Chris Grosser
The only limit to our realization of tomorrow is our doubts of today.,Franklin D. Roosevelt
Success is walking from failure to failure with no loss of enthusiasm.,Winston Churchill
"If you really look closely, most overnight successes took a long time.",Steve Jobs
The road to success and the road to failure are almost exactly the same.,Colin R. Davis
"Either you run the day, or the day runs you.",Jim Rohn
"Anything that won’t sell, I don’t want to invent. Its sale is proof of utility, and utility is success.",Thomas Edison
You miss 100% of the shots you don't take.,Wayne Gretzky
Success is not the key to happiness. Happiness is the key to success.,Albert Schweitzer
Don't be afraid to give up the good to go for the great.,John D. Rockefeller
Opportunities don't happen. You create them.,Chris Grosser
The only limit to our realization of tomorrow is our doubts of today.,Franklin D. Roosevelt
Success is walking from failure to failure with no loss of enthusiasm.,Winston Churchill
"If you really look closely, most overnight successes took a long time.",Steve Jobs
The road to success and the road to failure are almost exactly the same.,Colin R. Davis
"Either you run the day, or the day runs you.",Jim Rohn
"Anything that won’t sell, I don’t want to invent. Its sale is proof of utility, and utility is success.",Thomas Edison
You miss 100% of the shots you don't take.,Wayne Gretzky
Success is not the key to happiness. Happiness is the key to success.,Albert Schweitzer
Don't be afraid to give up the good to go for the great.,John D. Rockefeller
Opportunities don't happen. You create them.,Chris Grosser
The only limit to our realization of tomorrow is our doubts of today.,Franklin D. Roosevelt
Success is walking from failure to failure with no loss of enthusiasm.,Winston Churchill
"If you really look closely, most overnight successes took a long time.",Steve Jobs
The road to success and the road to failure are almost exactly the same.,Colin R. Davis
"Either you run the day, or the day runs you.",Jim Rohn
"Anything that won’t sell, I don’t want to invent. Its sale is proof of utility, and utility is success.",Thomas Edison
You miss 100% of the shots you don't take.,Wayne Gretzky
Success is not the key to happiness. Happiness is the key to success.,Albert Schweitzer
Don't be afraid to give up the good to go for the great.,John D. Rockefeller
Opportunities don't happen. You create them.,Chris Grosser
The only limit to our realization of tomorrow is our doubts of today.,Franklin D. Roosevelt
Success is walking from failure to failure with no loss of enthusiasm.,Winston Churchill
"If you really look closely, most overnight successes took a long time.",Steve Jobs
The road to success and the road to failure are almost exactly the same.,Colin R. Davis
"Either you run the day, or the day runs you.",Jim Rohn
"Anything that won’t sell, I don’t want to invent. Its sale is proof of utility, and utility is success.",Thomas Edison
You miss 100% of the shots you don't take.,Wayne Gretzky
Success is not the key to happiness. Happiness is the key to success.,Albert Schweitzer
Don't be afraid to give up the good to go for the great.,John D. Rockefeller
Opportunities don't happen. You create them.,Chris Grosser
The only limit to our realization of tomorrow is our doubts of today.,Franklin D. Roosevelt
Success is walking from failure to failure with no loss of enthusiasm.,Winston Churchill
"If you really look closely, most overnight successes took a long time.",Steve Jobs
The road to success and the road to failure are almost exactly the same.,Colin R. Davis
"Either you run the day, or the day runs you.",Jim Rohn
"Anything that won’t sell, I don’t want to invent. Its sale is proof of utility, and utility is success.",Thomas Edison
You miss 100% of the shots you don't take.,Wayne Gretzky
Success is not the key to happiness. Happiness is the key to success.,Albert Schweitzer
Don't be afraid to give up the good to go for the great.,John D. Rockefeller
Opportunities don't happen. You create them.,Chris Grosser
The only limit to our realization of tomorrow is our doubts of today.,Franklin D. Roosevelt
Success is walking from failure to failure with no loss of enthusiasm.,Winston Churchill
"If you really look closely, most overnight successes took a long time.",Steve Jobs
The road to success and the road to failure are almost exactly the same.,Colin R. Davis
"Either you run the day, or the day runs you.",Jim Rohn
"Anything that won’t sell, I don’t want to invent. Its sale is proof of utility, and utility is success.",Thomas Edison
You miss 100% of the shots you don't take.,Wayne Gretzky
Success is not the key to happiness. Happiness is the key to success.,Albert Schweitzer
Don't be afraid to give up the good to go for the great.,John D. Rockefeller
Opportunities don't happen. You create them.,Chris Grosser
The only limit to our realization of tomorrow is our doubts of today.,Franklin D. Roosevelt
Success is walking from failure to failure with no loss of enthusiasm.,Winston Churchill
"If you really look closely, most overnight successes took a long time.",Steve Jobs
The road to success and the road to failure are almost exactly the same.,Colin R. Davis
"Either you run the day, or the day runs you.",Jim Rohn
"Anything that won’t sell, I don’t want to invent. Its sale is proof of utility, and utility is success.",Thomas Edison
You miss 100% of the shots you don't take.,Wayne Gretzky
Success is not the key to happiness. Happiness is the key to success.,Albert Schweitzer
Don't be afraid to give up the good to go for the great.,John D. Rockefeller
Opportunities don't happen. You create them.,Chris Grosser
The only limit to our realization of tomorrow is our doubts of today.,Franklin D. Roosevelt
Success is walking from failure to failure with no loss of enthusiasm.,Winston Churchill
"If you really look closely, most overnight successes took a long time.",Steve Jobs
The road to success and the road to failure are almost exactly the same.,Colin R. Davis
"Either you run the day, or the day runs you.",Jim Rohn
"Anything that won’t sell, I don’t want to invent. Its sale is proof of utility, and utility is success.",Thomas Edison
You miss 100% of the shots you don't take.,Wayne Gretzky
Success is not the key to happiness. Happiness is the key to success.,Albert Schweitzer
Don't be afraid to give up the good to go for the great.,John D. Rockefeller
Opportunities don't happen. You create them.,Chris Grosser
The only limit to our realization of tomorrow is our doubts of today.,Franklin D. Roosevelt
Success is walking from failure to failure with no loss of enthusiasm.,Winston Churchill
"If you really look closely, most overnight successes took a long time.",Steve Jobs
The road to success and the road to failure are almost exactly the same.,Colin R. Davis
"Either you run the day, or the day runs you.",Jim Rohn
"Anything that won’t sell, I don’t want to invent. Its sale is proof of utility, and utility is success.",Thomas Edison
You miss 100% of the shots you don't take.,Wayne Gretzky
Success is not the key to happiness. Happiness is the key to success.,Albert Schweitzer
Don't be afraid to give up the good to go for the great.,John D. Rockefeller
Opportunities don't happen. You create them.,Chris Grosser
The only limit to our realization of tomorrow is our doubts of today.,Franklin D. Roosevelt
Success is walking from failure to failure with no loss of enthusiasm.,Winston Churchill
"If you really look closely, most overnight successes took a long time.",Steve Jobs
The road to success and the road to failure are almost exactly the same.,Colin R. Davis
"Either you run the day, or the day runs you.",Jim Rohn
"Anything that won’t sell, I don’t want to invent. Its sale is proof of utility, and utility is success.",Thomas Edison
You miss 100% of the shots you don't take.,Wayne Gretzky
Success is not the key to happiness. Happiness is the key to success.,Albert Schweitzer
Don't be afraid to give up the good to go for the great.,John D. Rockefeller
Opportunities don't happen. You create them.,Chris Grosser
The only limit to our realization of tomorrow is our doubts of today.,Franklin D. Roosevelt
Success is walking from failure to failure with no loss of enthusiasm.,Winston Churchill
"If you really look closely, most overnight successes took a long time.",Steve Jobs
The road to success and the road to failure are almost exactly the same.,Colin R. Davis
"Either you run the day, or the day runs you.",Jim Rohn
"Anything that won’t sell, I don’t want to invent. Its sale is proof of utility, and utility is success.",Thomas Edison
You miss 100% of the shots you don't take.,Wayne Gretzky
Success is not the key to happiness. Happiness is the key to success.,Albert Schweitzer
Don't be afraid to give up the good to go for the great.,John D. Rockefeller
Opportunities don't happen. You create them.,Chris Grosser
The only limit to our realization of tomorrow is our doubts of today.,Franklin D. Roosevelt
Success is walking from failure to failure with no loss of enthusiasm.,Winston Churchill
"If you really look closely, most overnight successes took a long time.",Steve Jobs
The road to success and the road to failure are almost exactly the same.,Colin R. Davis
"Either you run the day, or the day runs you.",Jim Rohn
"Anything that won’t sell, I don’t want to invent. Its sale is proof of utility, and utility is success.",Thomas Edison
You miss 100% of the shots you don't take.,Wayne Gretzky
Success is not the key to happiness. Happiness is the key to success.,Albert Schweitzer
Don't be afraid to give up the good to go for the great.,John D. Rockefeller
Opportunities don't happen. You create them.,Chris Grosser
The only limit to our realization of tomorrow is our doubts of today.,Franklin D. Roosevelt
Success is walking from failure to failure with no loss of enthusiasm.,Winston Churchill
"If you really look closely, most overnight successes took a long time.",Steve Jobs
The road to success and the road to failure are almost exactly the same.,Colin R. Davis
"Either you run the day, or the day runs you.",Jim Rohn
"Anything that won’t sell, I don’t want to invent. Its sale is proof of utility, and utility is success.",Thomas Edison
You miss 100% of the shots you don't take.,Wayne Gretzky
Success is not the key to happiness. Happiness is the key to success.,Albert Schweitzer
Don't be afraid to give up the good to go for the great.,John D. Rockefeller
Opportunities don't happen. You create them.,Chris Grosser
The only limit to our realization of tomorrow is our doubts of today.,Franklin D. Roosevelt
Success is walking from failure to failure with no loss of enthusiasm.,Winston Churchill
"If you really look closely, most overnight successes took a long time.",Steve Jobs
The road to success and the road to failure are almost exactly the same.,Colin R. Davis
"Either you run the day, or the day runs you.",Jim Rohn
"Anything that won’t sell, I don’t want to invent. Its sale is proof of utility, and utility is success.",Thomas Edison
You miss 100% of the shots you don't take.,Wayne Gretzky
Success is not the key to happiness. Happiness is the key to success.,Albert Schweitzer
Don't be afraid to give up the good to go for the great.,John D. Rockefeller
Opportunities don't happen. You create them.,Chris Grosser
The only limit to our realization of tomorrow is our doubts of today.,Franklin D. Roosevelt
Success is walking from failure to failure with no loss of enthusiasm.,Winston Churchill
"If you really look closely, most overnight successes took a long time.",Steve Jobs
The road to success and the road to failure are almost exactly the same.,Colin R. Davis
"Either you run the day, or the day runs you.",Jim Rohn
"Anything that won’t sell, I don’t want to invent. Its sale is proof of utility, and utility is success.",Thomas Edison
You miss 100% of the shots you don't take.,Wayne Gretzky
Success is not the key to happiness. Happiness is the key to success.,Albert Schweitzer
Don't be afraid to give up the good to go for the great.,John D. Rockefeller
Opportunities don't happen. You create them.,Chris Grosser
The only limit to our realization of tomorrow is our doubts of today.,Franklin D. Roosevelt
Success is walking from failure to failure with no loss of enthusiasm.,Winston Churchill
"If you really look closely, most overnight successes took a long time.",Steve Jobs
The road to success and the road to failure are almost exactly the same.,Colin R. Davis
"Either you run the day, or the day runs you.",Jim Rohn
"Anything that won’t sell, I don’t want to invent. Its sale is proof of utility, and utility is success.",Thomas Edison
You miss 100% of the shots you don't take.,Wayne Gretzky
Success is not the key to happiness. Happiness is the key to success.,Albert Schweitzer
Don't be afraid to give up the good to go for the great.,John D. Rockefeller
Opportunities don't happen. You create them.,Chris Grosser
The only limit to our realization of tomorrow is our doubts of today.,Franklin D. Roosevelt
Success is walking from failure to failure with no loss of enthusiasm.,Winston Churchill
"If you really look closely, most overnight successes took a long time.",Steve Jobs
The road to success and the road to failure are almost exactly the same.,Colin R. Davis
"Either you run the day, or the day runs you.",Jim Rohn
"Anything that won’t sell, I don’t want to invent. Its sale is proof of utility, and utility is success.",Thomas Edison
You miss 100% of the shots you don't take.,Wayne Gretzky
Success is not the key to happiness. Happiness is the key to success.,Albert Schweitzer
Don't be afraid to give up the good to go for the great.,John D. Rockefeller
Opportunities don't happen. You create them.,Chris Grosser
The only limit to our realization of tomorrow is our doubts of today.,Franklin D. Roosevelt
Success is walking from failure to failure with no loss of enthusiasm.,Winston Churchill
"If you really look closely, most overnight successes took a long time.",Steve Jobs
The road to success and the road to failure are almost exactly the same.,Colin R. Davis
"Either you run the day, or the day runs you.",Jim Rohn
"Anything that won’t sell, I don’t want to invent. Its sale is proof of utility, and utility is success.",Thomas Edison
You miss 100% of the shots you don't take.,Wayne Gretzky
Success is not the key to happiness. Happiness is the key to success.,Albert Schweitzer
Don't be afraid to give up the good to go for the great.,John D. Rockefeller
Opportunities don't happen. You create them.,Chris Grosser
The only limit to our realization of tomorrow is our doubts of today.,Franklin D. Roosevelt
Success is walking from failure to failure with no loss of enthusiasm.,Winston Churchill
"If you really look closely, most overnight successes took a long time.",Steve Jobs
The road to success and the road to failure are almost exactly the same.,Colin R. Davis
"Either you run the day, or the day runs you.",Jim Rohn
"Anything that won’t sell, I don’t want to invent. Its sale is proof of utility, and utility is success.",Thomas Edison
You miss 100% of the shots you don't take.,Wayne Gretzky
Success is not the key to happiness. Happiness is the key to success.,Albert Schweitzer
Don't be afraid to give up the good to go for the great.,John D. Rockefeller
Opportunities don't happen. You create them.,Chris Grosser
The only limit to our realization of tomorrow is our doubts of today.,Franklin D. Roosevelt
Success is walking from failure to failure with no loss of enthusiasm.,Winston Churchill
"If you really look closely, most overnight successes took a long time.",Steve Jobs
The road to success and the road to failure are almost exactly the same.,Colin R. Davis
"Either you run the day, or the day runs you.",Jim Rohn
"Anything that won’t sell, I don’t want to invent. Its sale is proof of utility, and utility is success.",Thomas Edison
You miss 100% of the shots you don't take.,Wayne Gretzky
Success is not the key to happiness. Happiness is the key to success.,Albert Schweitzer
Don't be afraid to give up the good to go for the great.,John D. Rockefeller
Opportunities don't happen. You create them.,Chris Grosser
The only limit to our realization of tomorrow is our doubts of today.,Franklin D. Roosevelt
Success is walking from failure to failure with no loss of enthusiasm.,Winston Churchill
"If you really look closely, most overnight successes took a long time.",Steve Jobs
The road to success and the road to failure are almost exactly the same.,Colin R. Davis
"Either you run the day, or the day runs you.",Jim Rohn
"Anything that won’t sell, I don’t want to invent. Its sale is proof of utility, and utility is success.",Thomas Edison
You miss 100% of the shots you don't take.,Wayne Gretzky
Success is not the key to happiness. Happiness is the key to success.,Albert Schweitzer
Don't be afraid to give up the good to go for the great.,John D. Rockefeller
Opportunities don't happen. You create them.,Chris Grosser
The only limit to our realization of tomorrow is our doubts of today.,Franklin D. Roosevelt
Success is walking from failure to failure with no loss of enthusiasm.,Winston Churchill
"If you really look closely, most overnight successes took a long time.",Steve Jobs
The road to success and the road to failure are almost exactly the same.,Colin R. Davis
"Either you run the day, or the day runs you.",Jim Rohn
"Anything that won’t sell, I don’t want to invent. Its sale is proof of utility, and utility is success.",Thomas Edison
You miss 100% of the shots you don't take.,Wayne Gretzky
Success is not the key to happiness. Happiness is the key to success.,Albert Schweitzer
Don't be afraid to give up the good to go for the great.,John D. Rockefeller
Opportunities don't happen. You create them.,Chris Grosser
The only limit to our realization of tomorrow is our doubts of today.,Franklin D. Roosevelt
Success is walking from failure to failure with no loss of enthusiasm.,Winston Churchill
"If you really look closely, most overnight successes took a long time.",Steve Jobs
The road to success and the road to failure are almost exactly the same.,Colin R. Davis
"Either you run the day, or the day runs you.",Jim Rohn
"Anything that won’t sell, I don’t want to invent. Its sale is proof of utility, and utility is success.",Thomas Edison
You miss 100% of the shots you don't take.,Wayne Gretzky
Success is not the key to happiness. Happiness is the key to success.,Albert Schweitzer
Don't be afraid to give up the good to go for the great.,John D. Rockefeller
Opportunities don't happen. You create them.,Chris Grosser
The only limit to our realization of tomorrow is our doubts of today.,Franklin D. Roosevelt
Success is walking from failure to failure with no loss of enthusiasm.,Winston Churchill
"If you really look closely, most overnight successes took a long time.",Steve Jobs
The road to success and the road to failure are almost exactly the same.,Colin R. Davis
"Either you run the day, or the day runs you.",Jim Rohn
"Anything that won’t sell, I don’t want to invent. Its sale is proof of utility, and utility is success.",Thomas Edison
You miss 100% of the shots you don't take.,Wayne Gretzky
Success is not the key to happiness. Happiness is the key to success.,Albert Schweitzer
Don't be afraid to give up the good to go for the great.,John D. Rockefeller
Opportunities don't happen. You create them.,Chris Grosser
The only limit to our realization of tomorrow is our doubts of today.,Franklin D. Roosevelt
Success is walking from failure to failure with no loss of enthusiasm.,Winston Churchill
"If you really look closely, most overnight successes took a long time.",Steve Jobs
The road to success and the road to failure are almost exactly the same.,Colin R. Davis
"Either you run the day, or the day runs you.",Jim Rohn
"Anything that won’t sell, I don’t want to invent. Its sale is proof of utility, and utility is success.",Thomas Edison
You miss 100% of the shots you don't take.,Wayne Gretzky
Success is not the key to happiness. Happiness is the key to success.,Albert Schweitzer
Don't be afraid to give up the good to go for the great.,John D. Rockefeller
Opportunities don't happen. You create them.,Chris Grosser
The only limit to our realization of tomorrow is our doubts of today.,Franklin D. Roosevelt
Success is walking from failure to failure with no loss of enthusiasm.,Winston Churchill
"If you really look closely, most overnight successes took a long time.",Steve Jobs
The road to success and the road to failure are almost exactly the same.,Colin R. Davis
"Either you run the day, or the day runs you.",Jim Rohn
"Anything that won’t sell, I don’t want to invent. Its sale is proof of utility, and utility is success.",Thomas Edison
You miss 100% of the shots you don't take.,Wayne Gretzky
Success is not the key to happiness. Happiness is the key to success.,Albert Schweitzer
Don't be afraid to give up the good to go for the great.,John D. Rockefeller
Opportunities don't happen. You create them.,Chris Grosser
The only limit to our realization of tomorrow is our doubts of today.,Franklin D. Roosevelt
Success is walking from failure to failure with no loss of enthusiasm.,Winston Churchill
"If you really look closely, most overnight successes took a long time.",Steve Jobs
The road to success and the road to failure are almost exactly the same.,Colin R. Davis
"Either you run the day, or the day runs you.",Jim Rohn
"Anything that won’t sell, I don’t want to invent. Its sale is proof of utility, and utility is success.",Thomas Edison
You miss 100% of the shots you don't take.,Wayne Gretzky
Success is not the key to happiness. Happiness is the key to success.,Albert Schweitzer
Don't be afraid to give up the good to go for the great.,John D. Rockefeller
Opportunities don't happen. You create them.,Chris Grosser
The only limit to our realization of tomorrow is our doubts of today.,Franklin D. Roosevelt
Success is walking from failure to failure with no loss of enthusiasm.,Winston Churchill
"If you really look closely, most overnight successes took a long time.",Steve Jobs
The road to success and the road to failure are almost exactly the same.,Colin R. Davis
